<?xml version="1.0" encoding="UTF-8"?>
<beans xmlns="http://www.springframework.org/schema/beans"
	xmlns:xsi="http://www.w3.org/2001/XMLSchema-instance"
	xmlns:tx="http://www.springframework.org/schema/tx"
	xmlns:aop="http://www.springframework.org/schema/aop"
	xsi:schemaLocation="http://www.springframework.org/schema/beans http://www.springframework.org/schema/beans/spring-beans.xsd
		http://www.springframework.org/schema/aop http://www.springframework.org/schema/aop/spring-aop-4.3.xsd
		http://www.springframework.org/schema/tx http://www.springframework.org/schema/tx/spring-tx-4.3.xsd">
	
	
	<!-- [6] ReviewDaoImpl 빈 선언 -->
	<bean id="dao" class="dao.ReviewDaoImpl" >
		<property name="sqlSession" ref="sqlSession" />
	</bean>

	
	<!-- [7] ReviewServiceImpl 빈 선언  -->
	<bean id="review_service" class="service.ReviewServiceImpl" >
		<property name="dao" ref="dao" />
	</bean>

	
	<!-- 파일 업로드 시작 -->
	<!-- 
		<bean id="multipartResolver" class="org.springframework.web.multipart.commons.CommonsMultipartResolver">
			<property name="maxUploadSize" value="1000000000" />
		</bean>
	-->
	<!-- 파일 업로드 끝 -->
	
	<!-- [8] BoardController 빈 선언 -->
 
	<bean class="controller.ReviewController">
		<property name="service" ref="review_service" />
	</bean>

	
	<!-- 다운로드 뷰 선언 -->
	<!-- 
	<bean id="download" class="view.BoardDownLoadView">
		<property name="dao" ref="dao" />
	</bean>
	 -->
	
	<!-- [9] View 빈 선언-->
	<!-- 
	<bean class="org.springframework.web.servlet.view.BeanNameViewResolver">
		<property name="order" value="1" />
	</bean>
	 -->
	
</beans>
