<?xml version="1.0" encoding="UTF-8"?>
<beans xmlns="http://www.springframework.org/schema/beans"
	xmlns:xsi="http://www.w3.org/2001/XMLSchema-instance"
	xmlns:tx="http://www.springframework.org/schema/tx"
	xmlns:aop="http://www.springframework.org/schema/aop"
	xsi:schemaLocation="http://www.springframework.org/schema/beans http://www.springframework.org/schema/beans/spring-beans.xsd
		http://www.springframework.org/schema/aop http://www.springframework.org/schema/aop/spring-aop-4.3.xsd
		http://www.springframework.org/schema/tx http://www.springframework.org/schema/tx/spring-tx-4.3.xsd">
	

	
	
	
	<!-- Spring JDBC나 Mybatis를 이용해서 DB연동을 처리하는 경우
		DataSourceTransactionManager이 트랙잭션 관리자로 사용한다.	 -->
	<!-- [4] TransactionManager 빈 선언 -->
	<bean id="transactionManager" class="org.springframework.jdbc.datasource.DataSourceTransactionManager">
		<property name="dataSource" ref="dataSource" />
	</bean>
	
	<!-- [5] 선언적 트랜잭션 :<tx:advice>태그를 이용한 트랜잭션처리 -->
	<!-- Process로 끝나는 모든 메소드에 적용시킨다 하면 tx:method name="*process" .. 가능 -->
	<tx:advice id="txAdvice" transaction-manager="transactionManager">
		<tx:attributes>
			<tx:method name="insertProcess" rollback-for="org.springframework.dao.DuplicateKeyException"/>
			<tx:method name="*Process" rollback-for="java.lang.Exception"/>
		</tx:attributes>
	</tx:advice>
	
	<aop:config>
		<aop:advisor advice-ref="txAdvice" pointcut="execution(* service.Board*.*(..))"/>
	</aop:config>
	
	<!-- [6] ReviewDaoImpl 빈 선언 -->
	<bean id="dao" class="dao.ReviewDaoImpl" >
		<property name="sqlSession" ref="sqlSession" />
	</bean>

	
	<!-- [7] ReviewServiceImpl 빈 선언  -->
	<bean id="review_service" class="service.ReviewServiceImpl" >
		<property name="dao" ref="dao" />
	</bean>

	
	<!-- 파일 업로드 시작 -->
	<!-- 
		<bean id="multipartResolver" class="org.springframework.web.multipart.commons.CommonsMultipartResolver">
			<property name="maxUploadSize" value="1000000000" />
		</bean>
	-->
	<!-- 파일 업로드 끝 -->
	
	<!-- [8] BoardController 빈 선언 -->
 
	<bean class="controller.ReviewController">
		<property name="service" ref="review_service" />
	</bean>

	
	<!-- 다운로드 뷰 선언 -->
	<!-- 
	<bean id="download" class="view.BoardDownLoadView">
		<property name="dao" ref="dao" />
	</bean>
	 -->
	
	<!-- [9] View 빈 선언-->
	<!-- 
	<bean class="org.springframework.web.servlet.view.BeanNameViewResolver">
		<property name="order" value="1" />
	</bean>
	 -->
	
</beans>
