<?xml version="1.0" encoding="UTF-8"?>
<beans xmlns="http://www.springframework.org/schema/beans"
	xmlns:xsi="http://www.w3.org/2001/XMLSchema-instance"
	xmlns:mvc="http://www.springframework.org/schema/mvc"
	xsi:schemaLocation="http://www.springframework.org/schema/mvc http://www.springframework.org/schema/mvc/spring-mvc-4.3.xsd
		http://www.springframework.org/schema/beans http://www.springframework.org/schema/beans/spring-beans-3.2.xsd">

	<mvc:annotation-driven></mvc:annotation-driven>



	<!-- [4] DAO -->
	<bean id="map_dao" class="dao.MapDaoImp">
		<property name="sqlSession" ref="sqlSession" />
	</bean>

	<!-- [5] Service -->
	<bean id="map_service" class="service.MapServiceImp">
		<property name="dao" ref="map_dao" />
	</bean>

	<!-- [6] Controller -->
	<bean class="controller.MapController">
		<property name="service" ref="map_service" />
	</bean>

	<!-- [7] View -->
	<bean id="jsonView"
		class="org.springframework.web.servlet.view.json.MappingJackson2JsonView">
		<property name="contentType"
			value="application/json;charset=UTF-8" />
	</bean>

	<bean
		class="org.springframework.web.servlet.view.BeanNameViewResolver">
		<property name="order" value="1" />
	</bean>

	<bean
		class="org.springframework.web.servlet.view.InternalResourceViewResolver">
		<property name="prefix" value="/WEB-INF/views/" />
		<property name="suffix" value=".jsp" />
		<property name="order" value="2" />
	</bean>
</beans>




