<?xml version="1.0" encoding="UTF-8"?>
<beans xmlns="http://www.springframework.org/schema/beans"
	xmlns:xsi="http://www.w3.org/2001/XMLSchema-instance"
	xmlns:mvc="http://www.springframework.org/schema/mvc"
	xsi:schemaLocation="http://www.springframework.org/schema/mvc http://www.springframework.org/schema/mvc/spring-mvc-4.3.xsd
		http://www.springframework.org/schema/beans http://www.springframework.org/schema/beans/spring-beans.xsd">

	<mvc:annotation-driven></mvc:annotation-driven>



		<!-- [6] CurationDaoImp 빈 선언 -->
	<bean id="sDao" class="dao.ShopDetailDaoImp" >
		<property name="sqlSession" ref="sqlSession" />
	</bean>

	
	<!-- [7] CurationServiceImp 빈 선언  -->
	<bean id="shopDetail_service" class="service.ShopDetailServiceImp" >
		<property name="sdao" ref="sDao" />
	</bean>


	<!-- [8] controller 빈 선언-->
	<bean class="controller.ShopDetailController">
		<property name="sservice" ref="shopDetail_service" />
	</bean>

</beans>
